{
    "name": "root",
    "metadata": {
        "timer_format_version": "0.1.0",
        "start_time_seconds": "1721414425",
        "python_version": "3.10.12 | packaged by Anaconda, Inc. | (main, Jul  5 2023, 19:01:18) [MSC v.1916 64 bit (AMD64)]",
        "command_line_arguments": "C:\\Users\\baris\\anaconda3\\envs\\mlagents\\Scripts\\mlagents-learn config/trainer_config.yaml --run-id=BombTrain --resume",
        "mlagents_version": "1.1.0.dev0",
        "mlagents_envs_version": "1.1.0.dev0",
        "communication_protocol_version": "1.5.0",
        "pytorch_version": "2.3.0+cpu",
        "numpy_version": "1.23.5",
        "end_time_seconds": "1721451378"
    },
    "total": 36953.09432050001,
    "count": 1,
    "self": 0.01847440001438372,
    "children": {
        "run_training.setup": {
            "total": 0.1370189000153914,
            "count": 1,
            "self": 0.1370189000153914
        },
        "TrainerController.start_learning": {
            "total": 36952.93882719998,
            "count": 1,
            "self": 31.835357357515022,
            "children": {
                "TrainerController._reset_env": {
                    "total": 10.85772289999295,
                    "count": 1,
                    "self": 10.85772289999295
                },
                "TrainerController.advance": {
                    "total": 36910.10388504248,
                    "count": 667999,
                    "self": 16.443589739792515,
                    "children": {
                        "env_step": {
                            "total": 36893.66029530269,
                            "count": 667999,
                            "self": 31186.309690161434,
                            "children": {
                                "SubprocessEnvManager._take_step": {
                                    "total": 5688.907847846247,
                                    "count": 668001,
                                    "self": 100.55005490814801,
                                    "children": {
                                        "TorchPolicy.evaluate": {
                                            "total": 5588.357792938099,
                                            "count": 494379,
                                            "self": 5588.357792938099
                                        }
                                    }
                                },
                                "workers": {
                                    "total": 18.44275729500805,
                                    "count": 667998,
                                    "self": 0.0,
                                    "children": {
                                        "worker_root": {
                                            "total": 36741.25475798285,
                                            "count": 667998,
                                            "is_parallel": true,
                                            "self": 23820.972082964086,
                                            "children": {
                                                "steps_from_proto": {
                                                    "total": 0.006084399996325374,
                                                    "count": 3,
                                                    "is_parallel": true,
                                                    "self": 0.0011147000186610967,
                                                    "children": {
                                                        "_process_rank_one_or_two_observation": {
                                                            "total": 0.004969699977664277,
                                                            "count": 12,
                                                            "is_parallel": true,
                                                            "self": 0.004969699977664277
                                                        }
                                                    }
                                                },
                                                "UnityEnvironment.step": {
                                                    "total": 12920.27659061877,
                                                    "count": 667998,
                                                    "is_parallel": true,
                                                    "self": 517.0210109907493,
                                                    "children": {
                                                        "UnityEnvironment._generate_step_input": {
                                                            "total": 808.4667021348141,
                                                            "count": 667998,
                                                            "is_parallel": true,
                                                            "self": 808.4667021348141
                                                        },
                                                        "communicator.exchange": {
                                                            "total": 10281.700985987438,
                                                            "count": 667998,
                                                            "is_parallel": true,
                                                            "self": 10281.700985987438
                                                        },
                                                        "steps_from_proto": {
                                                            "total": 1313.0878915057692,
                                                            "count": 667998,
                                                            "is_parallel": true,
                                                            "self": 288.1381114094693,
                                                            "children": {
                                                                "_process_rank_one_or_two_observation": {
                                                                    "total": 1024.9497800963,
                                                                    "count": 2671992,
                                                                    "is_parallel": true,
                                                                    "self": 1024.9497800963
                                                                }
                                                            }
                                                        }
                                                    }
                                                }
                                            }
                                        }
                                    }
                                }
                            }
                        }
                    }
                },
                "TrainerController._save_models": {
                    "total": 0.14186189998872578,
                    "count": 1,
                    "self": 0.014961799955926836,
                    "children": {
                        "RLTrainer._checkpoint": {
                            "total": 0.12690010003279895,
                            "count": 1,
                            "self": 0.12690010003279895
                        }
                    }
                }
            }
        }
    }
}